,precision,recall,f1-score,support
0,0.9476190476190476,0.9900497512437811,0.9683698296836983,201.0
1,0.9869565217391304,0.9826839826839827,0.9848156182212582,231.0
2,0.97,0.9326923076923077,0.9509803921568627,208.0
accuracy,0.96875,0.96875,0.96875,0.96875
macro avg,0.968191856452726,0.9684753472066904,0.9680552800206064,640.0
weighted avg,0.9690912267080745,0.96875,0.9686541642877522,640.0
